Sample,Stim,Culture,Donor,Fold exp,CAR,4_8,4_NSCM,4_E,4_CM,4_EM,4_25,4_137,4_+/+,4_+/-,4_-/+,4_-/-,8_NSCM,8_E,8_CM,8_EM,8_25,8_137,8_+/+,8_+/-,8_-/+,8_-/-
D1:1,0.4,D,HD1,290.57,19.7,1.987841945,3.94,51.9,9.56,34.6,88.9,0.85,37.2,10.3,35.4,17.1,7.61,82.4,2.84,7.16,73.3,2.56,4.88,0.83,83.5,10.8
D3:1,1.2,D,HD1,334.27,19.5,1.604221636,6.73,41.3,15,37,95.9,1.77,59.8,7.19,28.3,4.76,14.8,71.4,2.5,11.3,93.6,3.6,6.8,0.42,88.4,4.34
D5:1,2,D,HD1,289.59,18.1,1.566233766,6.7,30.6,16.9,45.8,96.8,3.26,67.3,5.09,25,2.61,18.9,57.9,3.53,19.6,97.3,6.39,9.62,0.33,87.6,2.5
T1:5,0,T,HD1,192.67,14.4,2.352542373,10.5,47.3,18,24.1,89.1,0.7,34.9,24.1,17.6,23.4,8.16,72.5,5.3,14.1,72.5,3.2,13.3,1.34,74.9,10.4
T1:10,0,T,HD1,133,9.97,2.430555556,15.5,38.5,23.9,22.1,86.9,0.63,31.8,29.8,14.2,24.3,9.05,69.3,5.67,16,59.7,3.69,14.2,1.62,72.6,11.6
T1:20,0,T,HD1,145.07,8.81,1.917159763,19.6,35.4,24.6,20.4,83.2,0.68,25.4,30.3,13.5,30.8,11.1,69.7,5.46,13.7,56.1,3.7,12.6,1.93,68.9,16.6
0.02,0.24,A,HD1,1.438666667,41.9,2.590909091,35.4,17.7,30.6,16.3,86.8,5.97,10.1,15.1,24.9,49.9,41.5,38.6,10.1,9.79,67,9.9,7.12,3.34,60.5,29
0.05,0.6,A,HD1,18.48,29.6,2.521428571,27.8,19.5,31.8,20.9,92.6,2.03,11.7,11.6,28.6,48.1,30.8,45.3,11.9,11.9,68.7,8.58,5.91,1.58,73.9,18.6
0.1,1.2,A,HD1,123.84,20.9,2.156549521,12.3,30.5,27.9,29.3,92.4,0.79,28.1,17.4,26.1,28.4,11.5,67.6,5.82,15,75,2.88,6.95,0.75,81.6,10.7
0.15,1.8,A,HD1,169.0555556,18.7,2.360544218,6,31.4,22.7,39.9,90.4,0.69,34.3,19.8,22.7,23.3,8.66,67.7,4.58,19.1,78.3,2.24,8.94,1.03,79.7,10.4
0.2,2.4,A,HD1,212.6666667,21,2.85546875,4.14,33,18,44.9,91.2,0.75,40.6,18,23.4,18,12,63.2,5.71,19.1,83.9,2.27,12.4,1.55,77.2,8.81
0.25,3,A,HD1,263.7333333,20.6,3.245689655,3.36,28.6,17.2,50.9,90.2,0.79,44.8,19.1,21.1,15,11.3,56.2,7.13,25.3,84.8,2.29,15.6,3.16,71.2,10.1
0.3,3.6,A,HD1,298.8444444,25.4,4.539325843,5.85,26,18.7,49.4,94.9,1.17,47.9,13.6,26.9,11.6,17.7,48.7,10.5,23.2,92.3,4.77,15.9,3.49,73,7.61
D1:1,0.4,D,HD2,277.3,26.9,1.42195122,8.54,57.3,9.16,25,92.1,1.59,34.9,9.04,38.7,17.4,22.8,70,3.18,4.02,89.5,3.93,7.6,0.8,83.6,8
D3:1,1.2,D,HD2,301.49,30.5,1.444444444,16.8,45.1,15.7,22.4,98.1,5.49,51.6,4.18,38.9,5.33,33.7,54.5,4.25,7.49,98.4,14.9,12.1,0.4,84.4,3.1
D5:1,2,D,HD2,259.6,34.5,1.410757946,17,44.2,16.4,22.4,98.8,9.83,56.7,3.58,36.3,3.47,33.6,50.6,5.51,10.3,99.3,25.1,15.4,0.42,81.4,2.79
T1:5,0,T,HD2,274.94,12.8,1.449382716,7.19,52.5,8.75,31.6,67.7,0.49,20,14.7,22.2,43.1,9.01,76.5,2.64,11.9,67.3,1.23,7.26,1.14,68.8,22.8
T1:10,0,T,HD2,194.7,12.5,1.485,9.09,52.8,11.1,27.1,70.7,0.54,20.8,15.6,22.8,40.8,9.26,77.5,2.9,10.3,67.8,1.46,8.02,1.22,71.3,19.5
T1:20,0,T,HD2,255.47,11.5,1.231460674,17.7,45.8,16.9,19.5,72.4,0.83,22.5,18.7,19.6,39.2,12.2,78.1,2.84,6.83,62,1.67,10.8,1.3,70.7,17.2
0.02,0.24,A,HD2,3.6875,30.4,1.202702703,33.1,15.7,27.2,23.9,81.4,4.71,10.6,14.9,21,53.5,46.6,30.3,11.9,11.2,48.7,11.5,6.36,3.68,59.9,30
0.05,0.6,A,HD2,45.961,26,1.178414097,26.5,27.2,23.3,23,82.8,3,13.5,13.1,26,47.3,28.9,57.1,7.64,6.39,53.6,5.2,4.9,1.84,70.3,23
0.1,1.2,A,HD2,267.86,22.9,1.165577342,15.9,48.7,16.8,18.6,87.9,0.93,25.6,15.1,26.9,32.4,15.7,76.1,3.5,4.66,81.6,1.91,10,1.08,78.2,10.7
0.15,1.8,A,HD2,273.76,22.8,1.518987342,12.7,49.9,16.3,21.1,85.5,0.81,28.4,16.1,26.6,28.9,23.8,66.4,4.2,5.54,88.5,2.05,15.5,1.52,73.8,9.23
0.2,2.4,A,HD2,294.41,23.3,1.943786982,12.3,51.1,15.6,21,87.1,0.82,38,18.6,22.8,20.7,29.5,60.4,4.31,5.79,92,2.65,23.1,1.99,67.7,7.22
0.25,3,A,HD2,279.07,22.2,2.155555556,10,48.8,17,24.2,89,0.93,47.3,19.9,18.6,14.3,23.4,62.9,5.08,8.66,93.3,3.4,28,2.1,64.1,5.85
0.3,3.6,A,HD2,286.74,24.1,2.905511811,11.7,49.1,14.8,24.4,94.7,1.6,55.2,17.6,17.8,9.48,26.5,57,6.73,9.78,96.3,6.7,33.6,2.87,58.9,4.64
D1:1,0.4,D,HD3,263.73,32,0.737122558,10.4,55.2,11.6,22.8,87.4,1.8,23.8,12.8,31.3,32.1,17.5,72.9,3.56,5.99,88.3,2.34,3.42,0.55,76.6,19.4
D3:1,1.2,D,HD3,290.28,34.8,0.821561338,19.8,47.8,14.6,17.8,98.4,3.63,55.4,8.21,27.3,9.06,35.2,47.7,5.73,11.3,98.7,7.86,15,0.63,79.2,5.18
D5:1,2,D,HD3,248.39,37.1,0.77676951,18.5,48,14,19.5,99,6.64,63.1,7.25,24.2,5.45,32.6,45.9,6.6,15,99.3,15.7,20.1,0.78,76,3.18
T1:5,0,T,HD3,190.57,15.5,0.741532977,18.4,46.8,12.2,22.5,69.7,0.58,29.1,20,15.6,35.3,14.8,71,3.89,10.3,56.1,0.84,16.3,2.14,58.8,22.7
T1:10,0,T,HD3,99.71,14.7,0.612850082,25.2,39.6,13,22.2,68.2,0.72,23.4,19.1,17.2,40.2,17.8,69.3,3.82,9.11,48.9,0.79,9.07,1.25,66.4,23.3
T1:20,0,T,HD3,146.32,11.9,0.509259259,33.4,25.2,16.7,24.7,64.2,0.8,19,21.1,14,45.9,27.6,59.2,4.51,8.69,35.4,1,6.98,1.43,64.2,27.4
0.02,0.24,A,HD3,2.7258,27.3,0.90562249,21.6,15.6,26.3,36.5,75.6,5.49,14.9,22.2,16.8,46,30.3,34.5,16.7,18.5,56.5,9.56,6.54,4.76,57.2,31.4
0.05,0.6,A,HD3,99.12,27.6,0.80669145,12.7,33.3,14.2,39.7,76.6,1.71,18.8,17.9,23.2,40,13,59.7,10.7,16.6,71.8,3.84,6.71,2.65,63.6,27
0.1,1.2,A,HD3,244.85,27.1,0.836158192,13.1,51.5,10.4,25,87.6,0.89,27.1,16.3,24.8,31.8,16.4,68.1,5.8,9.68,89.3,2.25,11.5,1.53,71.7,15.3
0.15,1.8,A,HD3,290.87,26.3,1.071881607,14.2,54.1,11.4,20.3,90.2,0.67,29.2,17.6,24.2,29.1,26.7,59.5,5.24,8.59,94,1.93,19.1,1.74,66,13.2
0.2,2.4,A,HD3,295,27.1,1.451371571,15.3,56.9,10.6,17.3,94.2,0.9,37.8,18.6,21,22.6,33.1,54.7,4.46,7.74,96.7,2.65,28,2.14,60,9.86
0.25,3,A,HD3,241.31,28.2,1.693150685,16.9,56,12.5,14.6,96.8,1.17,50.2,16.2,19.4,14.2,33.1,54.3,5.09,7.56,97.6,3.88,34.7,1.83,57.4,6.05
0.3,3.6,A,HD3,254.29,30.5,1.862973761,17.3,57.8,12.9,12,98.4,2,60.8,14,16,9.16,28.1,59.3,4.78,7.78,98.4,6.34,37.2,1.76,56.8,4.22
D1:1,0.4,D,HD4,346.92,23,2.461267606,13.9,67.6,5.26,13.2,83.2,1.14,13.7,3.57,50.5,32.2,41.1,52.4,3.24,3.19,93,3.62,6.85,1.35,72.3,19.5
D3:1,1.2,D,HD4,340.43,27.3,2.667910448,34.5,32.2,17,16.2,98.7,3.88,41.6,7.77,36.6,14,60.8,27.7,5.68,5.79,99.4,9.6,23.3,2.25,66.1,8.32
D5:1,2,D,HD4,334.53,29.3,2.730038023,26.8,36.7,13.9,22.5,99.2,7.13,52.2,9.79,29.6,8.47,45.7,38.8,5.24,10.3,99.1,16.7,31.4,3,60.1,5.4
T1:5,0,T,HD4,286.74,18.8,1.524421594,7.9,61.1,8.88,22.1,61.1,0.49,11.8,5.25,31,52,18.8,65.6,6.81,8.88,78,1.3,4.27,1.02,67.1,27.6
T1:10,0,T,HD4,243.08,16.6,1.376811594,11.1,58.5,10.1,20.4,53.5,0.5,10.4,4.49,31.6,53.6,16.6,70.7,5.78,6.84,70.5,1.36,4.19,0.71,70.6,24.5
T1:20,0,T,HD4,268.45,15.8,1.293706294,14.2,57.6,9.33,19,50.5,0.68,11.1,5.63,29,54.2,13.6,76.8,3.88,5.82,62.5,1.83,5.08,0.86,70.5,23.5
0.02,0.24,A,HD4,6.608,26.2,1.45994832,29.1,27.4,16.7,26.8,73.6,5.63,14.1,11.7,28.9,45.3,26,52.8,10.1,11.2,64.8,11.7,10.1,4.29,62.8,22.8
0.05,0.6,A,HD4,167.56,27.9,1.050632911,14.7,51.5,9.17,24.6,69.6,1.57,11.6,5.96,38.4,44.1,21.7,66,5.13,7.12,79.8,3.75,6.12,1.82,71.5,20.6
0.1,1.2,A,HD4,325.68,31.6,2.239202658,18,60.9,7.52,13.6,85.2,0.81,14.2,5.82,40.1,39.9,52.6,38.1,5.07,4.32,95.7,4.19,15.1,2.87,66.4,15.7
0.15,1.8,A,HD4,339.25,29.6,3.143459916,24.7,54.1,8.88,12.4,89.8,0.81,17.5,7.38,37.6,37.5,66.1,23.3,6.13,4.48,98.4,4.76,27.9,4.38,54.8,12.9
0.2,2.4,A,HD4,345.74,28.2,4.37704918,35.3,43.2,10.9,10.5,95.9,1.27,34.2,10.4,33.2,22.2,65.6,23.1,6.36,4.96,99.3,8.1,45.8,5.32,42,6.84
0.25,3,A,HD4,318.6,30.3,7.31092437,29.9,54.6,7.09,8.36,97.7,1.61,40,9.05,35.3,15.7,64,27.2,5.15,3.63,99.5,12.4,48.1,5.2,41.2,5.51
0.3,3.6,A,HD4,331.58,22.5,6.373134328,40.1,33.3,14.8,11.8,99.3,4.14,60.7,17.8,13.7,7.79,41.7,42,6.08,10.2,99.5,22.4,64.8,8.18,23.6,3.41
D1:1,0.4,D,HD5,383.3333333,46.1,10.35509737,10.9,20.4,36.8,31.9,91.7,2.75,21.6,7.36,52.2,18.8,38.2,41.6,11.4,8.92,85.3,2.36,2.26,0.79,70.8,26.2
D3:1,1.2,D,HD5,370,50,6.603053435,14.6,13.8,49.1,22.6,98.5,6.41,37.6,10.2,41.3,10.8,48.4,23.9,16.3,11.4,97.9,6.23,6.09,1.18,78.7,14.1
D5:1,2,D,HD5,140,39.9,6.720930233,12.4,14.6,46.9,26.2,99.3,10.1,51.5,8.73,36.2,3.58,49.4,21.5,17.5,11.7,98.5,12.2,13.4,1.11,81.6,3.82
T1:5,0,T,HD5,396.6666667,32.7,9.12601626,6.33,30.2,21,42.4,75.8,1.09,23.8,8.05,43.1,25.1,14.5,49.9,12.7,22.9,77.9,1.83,7.1,1.78,68.9,22.2
T1:10,0,T,HD5,336.6666667,34.1,6.842519685,6.41,30,21,42.6,73,1.01,19.1,5.59,49.5,25.9,13.2,51.3,13.1,22.4,70.5,1.47,4.13,1.06,73.4,21.4
T1:20,0,T,HD5,228.5,12.1,5.828767123,4.72,16.3,27.3,51.6,82.1,0.42,15.8,7.28,47.6,29.3,8.14,33.9,16.7,41.3,63.4,0.43,3.94,1.71,63.2,31.2
0.02,0.24,A,HD5,176,43.3,6.323529412,22.5,25.2,30.2,22.1,95.5,2.37,32.4,10.5,40.1,17,36,38,13.6,12.4,88,2.84,15.4,2.65,69.5,12.4
0.05,0.6,A,HD5,373.3333333,50.9,4.655172414,18.7,36.7,21.8,22.9,86.9,2.03,23.2,8.83,44.3,23.7,31,52.9,7.76,8.31,81.9,4.08,7.64,2.23,74.4,15.7
0.1,1.2,A,HD5,416.6666667,49.4,3.488038278,22.9,18.6,38.5,20,96.9,2.58,44.8,9.93,32.8,12.5,48.7,23.6,18.3,9.47,96.9,6.19,21.4,2.61,66.6,9.39
0.15,1.8,A,HD5,410,44.9,6.035460993,18.9,13,48,20.2,98.3,3.8,53.3,12,24.8,9.96,42.1,22.5,21.2,14.1,97.9,8.1,27,3.16,62.3,7.6
0.2,2.4,A,HD5,406.6666667,44.6,7.684210526,15.3,9.82,54.3,20.6,98.9,3.98,52.3,15.4,21.6,10.7,39.1,20.3,24.2,16.4,98.7,8.83,26.3,4.16,61.7,7.9
0.25,3,A,HD5,396.6666667,41,8.631067961,12.7,8.85,54.8,23.6,99.3,4.81,58.3,15.7,18,8.02,31,21.9,24.8,22.4,99,9.83,30.9,4.08,58.8,6.23
0.3,3.6,A,HD5,386.6666667,38.6,9.461457233,12.7,8.74,54.7,23.8,99.3,4.37,60.7,14.4,17.8,7.1,33.1,20,25.7,21.2,99.1,9.88,32.5,3.71,57.5,6.27
D1:1,0.4,D,HD6,393.3333333,33.6,6.880952381,21,33.4,25.4,20.2,92.5,1.75,19.7,3.2,63.1,14,51,28.5,14.2,6.29,94.8,2.94,6.09,0.79,83.1,10
D3:1,1.2,D,HD6,376.6666667,33.8,4.292553191,29.1,23.2,30.7,17,99.2,3.51,42.1,4.32,46.2,7.44,58.6,16.5,17.2,7.64,99.3,6.15,16.6,0.97,76.3,6.08
D5:1,2,D,HD6,169.5,25.7,4.718390805,25,20.2,32.5,22.2,99.9,6.29,64.6,2.72,31.4,1.23,51.9,14.8,22.4,10.9,99.7,13.3,40.1,0.74,57.8,1.43
T1:5,0,T,HD6,315.6666667,14.8,7.963963964,23,40.1,17.8,19.1,68.9,0.54,30.5,4.93,41.7,22.9,18.9,59.8,6.62,14.6,66.8,0.67,21.2,0.74,67.1,11
T1:10,0,T,HD6,327.6666667,15.8,3.552511416,25.2,40.8,16.2,17.7,56.2,0.69,19.9,4.58,42.7,32.8,17.1,63.8,5.74,13.4,52.4,0.8,10.6,0.99,69,19.4
T1:20,0,T,HD6,253,5.22,3.431111111,24.7,26.7,23.7,24.9,84.2,0.35,20.7,3.77,54.1,21.5,16.1,44,9.45,30.4,57.3,0.44,6.84,0.77,75.2,17.2
0.02,0.24,A,HD6,215,22.9,3.136929461,26.5,33.4,15.3,24.8,95.1,0.65,29.2,5.73,48.2,16.8,41.9,30.9,11.8,15.4,95.3,1.47,23.7,1.57,68.2,6.53
0.05,0.6,A,HD6,343.3333333,33.3,2.662962963,24.8,46.7,12.1,16.4,84.7,1.28,23.3,5.84,47,23.8,32,53.1,6.93,8,89.5,3.22,17.6,1.93,72.3,8.16
0.1,1.2,A,HD6,396.6666667,31.9,2.427046263,30.9,37.9,17.2,14,95.9,1.37,40.9,5.18,43,10.9,51.4,30.9,9.85,7.79,98.3,4.15,37.3,1.97,57.2,3.61
0.15,1.8,A,HD6,406,31.4,3.878787879,36.3,26.8,23.8,13.1,99.1,2.07,57.4,5.95,29.9,6.71,47.7,29,12.5,10.7,99.4,6.93,50.1,2.18,44.7,3
0.2,2.4,A,HD6,401.2,30.4,5.64,33.7,24.3,27.8,14.2,99.3,2.63,59.5,6.43,28,6.08,44.6,28.2,14.7,12.4,99.5,7.89,46.6,2.43,47.5,3.47
0.25,3,A,HD6,401.8,27.8,5.775510204,30.6,18.7,34.5,16.2,99.7,2.92,67.1,7.72,20.4,4.7,39.7,26.2,18.1,16,99.7,8.99,54.5,2.68,40.3,2.58
0.3,3.6,A,HD6,343.3333333,26.3,6.595419847,29.5,20.9,32.5,17.2,99.7,2.63,69.3,7.76,18.2,4.78,34.1,31.3,16.6,18,99.6,8.54,59,3.23,34.9,2.9
D1:1,0.4,D,HD7,131,50.8,5.25974026,9.1,7.43,65.6,17.9,98.9,8.61,29.1,21.5,30.8,18.6,30.5,13.1,37.9,18.5,98.8,28.3,8.19,3.12,73,15.7
D3:1,1.2,D,HD7,98,64.4,5.496688742,5.76,5.67,64.7,23.9,99.4,15.7,35.5,25.4,24.8,14.3,21,11.3,43.4,24.3,99.9,39.8,13.5,3.79,69.3,13.4
D5:1,2,D,HD7,81.5,53.8,6.6015625,3.94,5.35,58.5,32.2,99.4,19.4,51.4,19.6,21.8,7.22,13.3,7.58,50.5,28.6,99.8,45.6,28.2,4.71,59.1,7.99
T1:5,0,T,HD7,38,44.3,7.846846847,2.32,8.3,35.3,54,85.2,1.81,19,22.7,25.6,32.8,5.79,18.5,28.8,46.8,88,5.84,7.99,3.12,60.3,28.6
T1:10,0,T,HD7,44,39.2,4.857142857,1.49,6.81,29.6,62.1,76,1.31,16.2,23.3,23.2,37.2,4,17.4,27.9,50.8,80,4.84,6.64,4.37,51.5,37.5
T1:20,0,T,HD7,97,29.4,4.423076923,0.78,8.85,13.8,76.5,50.3,0.95,15.4,22.3,21.5,40.8,1.63,18.3,17.2,62.8,58.7,1.77,6.13,4.48,40.2,49.2
0.02,0.24,A,HD7,56.33333333,56.9,4.369565217,3.33,9.35,38.1,49.2,83,3.04,25,35.1,15.1,24.7,9.35,17.8,35.9,36.9,83.7,9.64,13.4,9.97,47.8,28.8
0.05,0.6,A,HD7,77,56,4.52247191,5.75,11.9,41,41.3,91.6,2.58,26,27.7,22.4,23.9,14.6,21.3,34.1,29.9,92.3,13.8,12.3,6.41,57.1,24.2
0.1,1.2,A,HD7,105.3333333,55.7,4.794117647,7.52,7.31,62.5,22.6,98.6,6,30.6,32.3,18.6,18.5,16.2,10.2,49.9,23.7,97.8,27.6,19.8,7.94,52.3,20
0.15,1.8,A,HD7,138,58.2,5.329032258,6.22,5.28,67.5,21,99.4,9.31,31.7,32.3,17.1,18.9,12.5,9.6,49.6,28.4,98,34.3,21.8,6.7,50.9,20.6
0.2,2.4,A,HD7,179.3333333,58.7,5.467105263,5.58,5.27,65.9,23.2,99.5,9.37,34.3,31.3,16.5,17.8,11.4,10.9,45.1,32.6,98.2,34.1,21.9,7.07,52.8,18.2
0.25,3,A,HD7,104.3333333,56.1,5.043209877,4.93,4.65,69.8,20.7,99.6,12.6,40.3,29.2,15.6,14.9,10.6,11.4,42.7,35.3,98.9,36.8,30.1,6.33,51.2,12.3
0.3,3.6,A,HD7,85.66666667,57,5.38961039,4.35,4.02,67.4,24.2,99.4,10.8,36.7,32.3,14.3,16.7,8.57,9.67,45.5,36.2,99.1,36.7,29.3,7.31,46.9,16.5
D1:1,0.4,D,HD8,254.3333333,42.7,6.210526316,4.91,21.2,25,48.9,93.1,2.46,32.5,11.3,41.6,14.5,12.9,33.3,18.8,35,91.3,7.8,13.2,4.03,70.5,12.2
D3:1,1.2,D,HD8,313,45.6,5.407894737,7.3,12.5,42.6,37.6,99.2,5.25,45.2,12.1,34.5,8.15,14.2,23.5,24.4,37.9,98.3,14.3,18.2,3.06,71.4,7.4
D5:1,2,D,HD8,171,37.3,5.119496855,5.38,11.2,45.4,38,99.3,10.3,54.7,8.23,33.6,3.5,12.2,19.3,26.9,41.7,97.9,20.6,25.3,1.95,68.4,4.42
T1:5,0,T,HD8,212.6666667,28.1,5.867132867,2.28,13,18.5,66.2,78.9,0.67,26.7,17,28,28.4,3.22,26.1,11,59.7,76,1.52,16.3,4.68,55.5,23.5
T1:10,0,T,HD8,195,28.6,4.17989418,2.6,12.5,20.1,64.8,75.1,0.69,24,15.9,28.4,31.7,2.55,24.8,10.7,62,72,1.3,17.1,5.22,52.3,25.4
T1:20,0,T,HD8,193.5,19,4.268817204,1.47,8.53,16.5,73.5,70.7,0.55,22.2,16.8,30.4,30.7,1.39,18.7,6.06,73.9,58.2,0.84,12.7,4.6,54.6,28.1
0.02,0.24,A,HD8,147.6666667,49.1,3.639810427,7.25,19.7,26.7,46.3,84.9,3.27,36,19.6,25.3,19.1,8.44,27.4,21.1,43.1,79.5,5.79,26.9,9.35,49.8,14
0.05,0.6,A,HD8,171,47.9,3.180995475,8.5,19.6,25.6,46.2,92,2.2,33.9,16.7,29.9,19.5,13.2,27.9,21.8,37.1,91.8,7.1,23,6.13,56.3,14.5
0.1,1.2,A,HD8,277.6666667,43.2,4.015544041,10.1,14.6,33.8,41.4,97.1,2.49,42.8,16.3,26.4,14.6,15.5,16.9,27.1,40.4,96.3,9.91,32,5.77,52.3,9.92
0.15,1.8,A,HD8,280.8466667,42.1,5.594594595,12.5,8.06,49.4,30.1,99.2,4.71,54.5,16.9,19.1,9.49,13.5,11.5,34.2,40.8,98.1,17.5,40.3,5.26,47.5,6.93
0.2,2.4,A,HD8,302.6666667,41.7,6.01459854,13.3,7.52,49.4,29.7,99.5,5.15,59.3,16.3,16.6,7.84,13.9,13,29.7,43.4,98.6,17.6,43.2,5.23,45.5,6.1
0.25,3,A,HD8,300.3333333,38.9,5.957142857,12.8,6.3,53.4,27.5,99.6,5.94,64.3,14.4,15.1,6.17,12.3,13.5,29.9,44.3,98.8,20.1,44.7,4.13,46.4,4.71
0.3,3.6,A,HD8,292.3333333,37.8,6.028776978,10.7,6,54.2,29.1,99.6,5.06,61.5,17.2,14,7.33,9.98,12.2,29.1,48.7,98.8,19.6,45.6,5.75,42.7,5.97
D1:1,0.4,D,AC1,65,17.3,0.99185336,14.9,50.3,14.1,20.7,95.4,5.09,51.8,1.85,44.4,1.92,30.7,57.5,4.81,7,91.2,8.59,8.36,0.19,90.6,0.86
D3:1,1.2,D,AC1,60,15.1,1.381418093,11.5,40.9,15.9,31.8,96.4,9.01,61.6,1.83,35.2,1.37,26.6,49.5,8.06,15.9,90.1,19,14.1,0.43,83.8,1.66
x,x,x,x,x,x,#DIV/0!,,,,,,,,,,,,,,,,,,,,
x,x,x,x,x,x,#DIV/0!,,,,,,,,,,,,,,,,,,,,
T1:10,0,T,AC1,50.5,7.21,1.672131148,12.6,62,9.42,16,85.9,1.42,46.1,7,35.7,11.2,14.7,72.2,4.9,8.23,82.5,2.04,16.9,0.69,79.2,3.26
x,x,x,x,x,x,#DIV/0!,,,,,,,,,,,,,,,,,,,,
0.02,0.24,A,AC1,31.4,25.4,1.819484241,24.4,47.8,12.7,15.1,83.7,2.41,17.5,7.56,47.5,27.5,22.7,64.5,6.99,5.84,66.7,2.73,3.29,0.7,89.6,6.45
x,x,x,x,x,x,#DIV/0!,,,,,,,,,,,,,,,,,,,,
0.1,1.2,A,AC1,41.25,15.8,3.506849315,14.8,36,26.1,23,95.1,2.67,51.2,7.45,34.5,6.77,30.6,44.6,11,13.7,91.1,4.73,15.2,0.55,82.4,1.84
0.15,1.8,A,AC1,57,15.6,2.908730159,18.4,37.4,23.8,20.4,96.1,3.51,65.8,5.49,25.9,2.78,34.9,44.2,9.07,11.9,94.2,8.1,30.3,0.68,67.9,1.11
0.2,2.4,A,AC1,47.25,16.9,3.632075472,16.7,25.3,33.1,24.9,97.9,6.94,74,5.85,18.3,1.87,32.7,34.4,15.8,17.1,95.1,15.5,37.9,0.8,60.2,1.17
0.25,3,A,AC1,48.25,18.1,4.730994152,16,21.8,35,27.3,99,9.32,72.6,8.76,16.6,2.04,32.2,35.4,14.4,17.9,98.1,21.9,44.6,1.24,53.2,0.98
0.3,3.6,A,AC1,30.6,17.5,4.444444444,11.7,17.7,34.2,36.4,99.4,15.8,81.4,8.04,9.31,1.22,26.1,32,14.7,27.2,99.3,37,60.1,1.18,38,0.67
D1:1,0.4,D,AC2,164,53,1.848664688,8.33,17.5,30.2,43.9,96.4,5.39,24.4,8.67,45.3,21.7,10.1,18.7,30.2,41,98.3,29.3,8.29,0.97,75.6,15.1
D3:1,1.2,D,AC2,140,69.3,2.970954357,11.5,13.1,47.7,27.6,99.6,20,36.9,9.72,41.8,11.5,15.8,15.9,34.5,33.8,99.8,45.7,13.6,1.08,77,8.29
x,x,x,x,x,x,#DIV/0!,,,,,,,,,,,,,,,,,,,,
x,x,x,x,x,x,#DIV/0!,,,,,,,,,,,,,,,,,,,,
T1:10,0,T,AC2,105.5,37.7,1.066810345,3.99,27.1,15.4,53.6,70.7,3.12,22.4,8.87,39.3,29.4,4.4,29.8,16.2,49.6,78,14.6,7.74,0.98,69.2,22.1
T1:20,0,T,AC2,50,31.1,0.808270677,3.76,25.5,13.7,57.1,62.5,2.74,20.7,10.1,37.7,31.5,3.86,30.4,13.1,52.7,68.8,12.4,8.15,1.02,68.2,22.6
0.02,0.24,A,AC2,44,33.4,0.644444444,6.07,20.8,24.3,48.8,84.5,3.23,15.7,10.1,36.9,37.3,6.05,20.5,30.9,42.5,92.6,21.4,5.63,1.78,56.1,36.5
0.05,0.6,A,AC2,126,36.2,1.016736402,6.77,18.6,28.4,46.2,90.2,2.87,16.9,10.8,37.9,34.4,6.59,17.4,33.1,42.8,95.9,25.7,7.07,1.65,64.2,27.1
0.1,1.2,A,AC2,148.5,39,1.117256637,9.41,16.6,32.3,41.7,95.8,2.8,24,9.31,40.8,25.9,7.85,13,37.9,41.3,98.7,32.1,9.81,1.74,69,19.4
0.15,1.8,A,AC2,151.2,45.3,1.711048159,13.2,13.3,45.8,27.6,98.9,6.67,33.2,13,33.8,20,11.4,11.1,46.5,31,99.8,53.8,15.4,2.21,68.6,13.8
0.2,2.4,A,AC2,113.22,48,2.182724252,12.4,10.6,55.1,22,99.4,11.5,34.1,17.6,27.7,20.5,11.1,8.31,53.4,27.1,99.8,67.6,17.5,2.92,65.1,14.4
0.25,3,A,AC2,112.7,49.6,2.309027778,11,8.68,59.3,21.1,99.8,14.7,34,23,21.9,21,9.19,7.61,52.4,30.8,99.9,71.4,19.3,3.5,62.2,15
0.3,3.6,A,AC2,77,51.3,2.673076923,8.6,6.57,63.4,21.4,99.8,21.9,36.2,23.4,19.9,20.4,7.58,5.63,57.9,28.9,99.8,77.9,21,4,61.2,13.8
D1:1,0.4,D,AC3,201.5,35.3,1.978193146,12.4,13.9,50.3,23.4,98.7,10.3,33.4,22.6,24.9,19.1,26.6,12.7,44.8,15.9,99.5,44.4,13.6,3.8,64.1,18.5
D3:1,1.2,D,AC3,154.5,44.3,2.339100346,13.5,9.8,60.9,15.8,99.7,17.9,46.5,21.9,19.7,11.8,29.9,10.5,46,13.5,99.7,54.5,24.6,4.2,60.6,10.7
x,x,x,x,x,x,#DIV/0!,,,,,,,,,,,,,,,,,,,,
x,x,x,x,x,x,#DIV/0!,,,,,,,,,,,,,,,,,,,,
T1:10,0,T,AC3,180.5,21.2,0.932405567,4.32,31.4,13,51.3,60.2,2.04,27.6,13.7,24.6,34.1,6.87,44.8,14.1,34.2,58.7,5.67,6.8,1.68,60.1,31.4
T1:20,0,T,AC3,76.5,20.6,0.853053435,4.46,29.9,12.6,53.1,58.4,1.93,25.3,14.6,24.7,35.4,5.69,44.2,14.1,36,55.6,6.37,6.58,1.53,58.1,33.7
0.02,0.24,A,AC3,91.5,21.7,0.915354331,4.85,22.5,15.6,57.1,76.1,1.31,19,20.4,19,41.6,6.37,28.5,19.7,45.4,81.1,7.27,4.94,1.86,49.8,43.4
0.05,0.6,A,AC3,261.5,27.9,1.475949367,6.78,20.8,25.9,46.5,88.5,1.93,22.8,17.7,23.5,36.1,10.6,22,32.2,35.2,93.4,15.6,7.18,2.55,59.2,31.1
0.1,1.2,A,AC3,277.5,34.6,1.814492754,10,15.3,38.7,35.9,95.9,2.34,30.2,20.2,22.1,27.5,16.4,14.6,41.2,27.8,98.5,24.9,14.6,3.28,62.1,20
0.15,1.8,A,AC3,231.5,34.1,1.978593272,9.69,9.11,50.6,30.6,97.6,2.98,34.2,24.6,18.3,22.9,16.5,11.4,45.4,26.7,98.7,30.9,21.4,3.76,60.7,14.1
0.2,2.4,A,AC3,231.5,34.5,2.395104895,10.2,8.26,59.1,22.4,99.2,5.56,35,29.9,15.2,19.8,16.5,11.1,49.2,23.1,99.4,43.7,24.1,5.07,56.4,14.4
0.25,3,A,AC3,226.5,36.5,2.244147157,8.99,7.61,61.1,22.3,99.4,7.4,37,32.1,13,17.9,14.4,11.1,48.2,26.3,99.6,48.5,27,4.96,54.2,13.8
0.3,3.6,A,AC3,208,35.9,2.670454545,9.33,7.81,62.8,20.1,99.7,13.5,41.5,30.3,13.9,14.2,13.4,11.5,47.3,27.8,99.7,59.8,31.9,5.05,53.7,9.28
D1:1,0.4,D,AC4,201,34.5,6.270072993,12.9,56.4,9.31,21.4,75.5,3.61,17,2.22,67.7,13,19.7,71.2,3.98,5.12,57.3,3.55,3.51,0.25,90,6.23
x,x,x,x,x,x,#DIV/0!,,,,,,,,,,,,,,,,,,,,
x,x,x,x,x,x,#DIV/0!,,,,,,,,,,,,,,,,,,,,
x,x,x,x,x,x,#DIV/0!,,,,,,,,,,,,,,,,,,,,
x,x,x,x,x,x,#DIV/0!,,,,,,,,,,,,,,,,,,,,
x,x,x,x,x,x,#DIV/0!,,,,,,,,,,,,,,,,,,,,
x,x,x,x,x,x,#DIV/0!,,,,,,,,,,,,,,,,,,,,
x,x,x,x,x,x,#DIV/0!,,,,,,,,,,,,,,,,,,,,
0.1,1.2,A,AC4,200,32.7,6.595419847,4,33,23.3,21.7,96.6,1.8,34.3,4.56,50.1,11.1,37,41.4,11.5,10.1,94.3,1.45,16.1,0.68,80,3.28
x,x,x,x,x,x,#DIV/0!,,,,,,,,,,,,,,,,,,,,
x,x,x,x,x,x,#DIV/0!,,,,,,,,,,,,,,,,,,,,
x,x,x,x,x,x,#DIV/0!,,,,,,,,,,,,,,,,,,,,
x,x,x,x,x,x,#DIV/0!,,,,,,,,,,,,,,,,,,,,
D1:1,0.4,D,AC6,85,62.5,2.702290076,21.6,14.9,52.3,11.2,99.1,23.2,22.7,25.2,26.6,25.4,47.2,13.3,29.8,9.67,95.5,52.8,11.2,4.25,71.4,13.1
D3:1,1.2,D,AC6,23.25,81.8,2.657794677,8.63,10.4,51.8,29.2,99.3,31.5,42.9,28.5,14.7,13.9,26.9,14.6,37.5,20.9,96.6,58.1,25.6,9.04,52.7,12.6
x,x,x,x,x,x,#DIV/0!,,,,,,,,,,,,,,,,,,,,
T1:5,0,T,AC6,15.25,47.7,4.135416667,12.8,20.7,47.3,19.3,98.8,6.58,23.8,21.6,24.1,30.5,25.7,20.3,38.6,15.4,99.1,20.1,27.1,7.86,50.6,14.4
T1:10,0,T,AC6,9.7,45.1,3.493150685,10.4,17.4,49.2,22.9,98.5,6.24,25.5,20,26.3,28.2,24,21.2,38.9,15.9,98.7,15.8,24.6,7.23,55,13.2
x,x,x,x,x,x,#DIV/0!,,,,,,,,,,,,,,,,,,,,
0.02,0.24,A,AC6,116,30.3,2.61423221,7.5,38.3,17.7,36.5,79.4,4.51,10.7,13.1,31.4,44.8,18,48.7,20.5,12.8,82.3,16.9,4.87,3.01,65,27.1
0.05,0.6,A,AC6,200.5,33,2.343642612,8.35,39.1,21.2,31.3,83.4,4.79,13.8,13.6,32.2,40.5,22.6,47.2,18.7,11.5,89.6,16,5.54,2.11,70.8,21.6
0.1,1.2,A,AC6,260.7,44.7,2.424028269,13.6,40.3,24.4,21.7,89.6,5.66,17.8,12.7,36.6,32.9,41.9,31.6,19.7,6.67,96.3,23.6,8.92,2.62,71.6,16.9
0.15,1.8,A,AC6,289.8,45.7,2.670454545,19.8,21.3,46.1,12.9,97.6,10.2,21.4,22.9,23.2,32.6,40.3,21.1,29.7,8.96,98.5,28.1,19.3,4.12,63.4,13.2
0.2,2.4,A,AC6,270,45.1,2.76953125,16.9,21,47.5,14.5,98.4,12.1,22.7,23.1,22.3,31.9,35.4,24.1,29,11.6,98.7,31.9,18.7,4.37,64.1,12.8
0.25,3,A,AC6,273.5,46.8,2.942857143,17.5,14.3,56.8,11.4,99.1,14.8,23.6,25.6,20.4,30.5,30.4,18.7,36.2,14.6,98.9,37.1,21.4,4.42,62.1,12.1
0.3,3.6,A,AC6,164.5,60,3.511627907,13.4,14.6,56.3,15.7,99.3,20.6,26.6,27.6,18.6,27.2,23.9,22,34.1,20,99.3,50.3,24.4,6.15,56.6,12.8
D1:1,0.4,D,AC7,1.47,90.4,19.87315011,6.02,4.23,55.5,34.2,98.6,53.2,60.5,23.7,9.99,5.85,9.51,7.74,42.9,39.9,99.3,62.3,58,9.6,27.2,5.22
D3:1,1.2,D,AC7,0.494,83.4,8.216981132,3.84,3.09,32.1,61,83,52.3,60.1,24.9,12.1,2.86,4.17,6.55,32.1,57.1,98.2,64.9,81,15.5,1.79,1.79
x,x,x,x,x,x,#DIV/0!,,,,,,,,,,,,,,,,,,,,
x,x,x,x,x,x,#DIV/0!,,,,,,,,,,,,,,,,,,,,
T1:10,0,T,AC7,0.1,71.8,202.6530612,8.05,2.73,7.93,81.3,21.1,30.7,32.5,10.9,54.4,2.23,33.3,26.7,33.3,6.67,53.3,26.7,40,20,6.67,33.3
x,x,x,x,x,x,#DIV/0!,,,,,,,,,,,,,,,,,,,,
0.02,0.24,A,AC7,3.09,65.6,5.736111111,4.72,9.44,38.2,47.6,95,7.29,16.9,24.1,23.9,35.1,7.44,24.9,24.3,43.3,89.8,11.5,14.4,4.97,56.4,24.2
0.05,0.6,A,AC7,5.82,61.7,8.08490566,4.16,12.3,32.9,50.7,96.5,9.94,24.4,23.3,23.8,28.5,4.23,29.5,22.1,44.2,90.7,16.1,24.4,5.93,53.8,15.9
0.1,1.2,A,AC7,4.41,62.6,11.69909209,5.23,12.2,36.7,45.9,97.7,10.7,32.7,22.6,24,20.7,7.36,33.3,20.7,38.6,92.8,15.7,31.2,5.63,55.1,8.16
0.15,1.8,A,AC7,11.7,78.2,19.85200846,5.48,13.6,53.8,27.1,99.4,35.1,42.1,22.2,23,12.7,12.7,17.8,45.2,24.3,99.5,44.6,39.1,6.5,46.4,8.03
0.2,2.4,A,AC7,9.22,78.8,22.35849057,4.27,11.8,51.2,32.7,99.3,38.2,50.2,21.2,18.7,9.85,6,14.2,39.7,40.1,99.3,46.8,50,12.1,32.6,5.25
0.25,3,A,AC7,6.71,85.3,30.44444444,3.52,8.39,56.7,31.4,99.5,45.5,51.2,22.4,17.6,8.77,8.79,17.7,40.8,32.7,99.5,53.6,43.4,8.29,42.2,6.1
0.3,3.6,A,AC7,4.59,88.7,12.58596974,3.43,7.33,54.1,35.2,99.5,44.3,58.8,20.6,13.2,7.4,8.96,15.8,38,37.2,99.7,49.4,58.2,7.33,31.1,3.42
D1:1,0.4,D,AC8,4.79,70.5,0.203282828,14.8,28.7,28.3,28.2,98.8,23.2,75.6,11.8,9.76,2.87,10.9,55.9,5.91,27.3,94.6,16.5,27.1,0.7,71.2,1.04
D3:1,1.2,D,AC8,0.118,68.2,0.124260355,12.2,12.4,28.1,47.3,88.7,60.7,60.4,29.8,2.68,7.14,5.2,21.3,18.4,55.1,97.5,70.3,79.2,5.12,14.4,1.24
x,x,x,x,x,x,#DIV/0!,,,,,,,,,,,,,,,,,,,,
x,x,x,x,x,x,#DIV/0!,,,,,,,,,,,,,,,,,,,,
T1:10,0,T,AC8,0.0935,12.1,0.62585034,43.6,12.2,12.2,32,62.2,17.4,11.6,51.7,1.16,35.5,44.1,20.1,14.4,21.4,80.3,42.8,59,21,3.49,16.6
x,x,T,x,x,x,#DIV/0!,,,,,,,,,,,,,,,,,,,,
0.02,0.24,A,AC8,4.98,57.3,0.774451098,25.4,11.8,40.9,21.9,89.3,6.03,10.5,26.1,15.3,48.2,34.4,33.7,17.9,14,70.9,16.4,6.98,2.62,72.2,18.2
0.05,0.6,A,AC8,11.625,45.1,0.480769231,19.2,20.5,36.8,23.4,91.6,2.75,16.8,21.9,20,41.3,19.8,54.8,11.2,14.2,75,10.3,8.01,1.09,82.1,8.81
0.1,1.2,A,AC8,18.45,46.4,0.373529412,22.7,24.9,32.3,20.1,92.7,2.15,27.6,22.2,20.8,29.4,19.5,66,6.14,8.42,77.9,4.87,10.7,0.72,85.4,3.13
0.15,1.8,A,AC8,45.45,44.3,0.619377163,13.3,43.1,26.6,17,97.9,3.1,55.3,21.2,13.6,9.94,17.3,68.1,5.76,8.9,92,5.88,18.3,0.71,79.5,1.57
0.2,2.4,A,AC8,52.95,44.9,0.670212766,12.2,44.3,25.1,18.4,98,3.97,58.6,18.9,14.4,8.17,14.1,70.9,4.76,10.2,91.4,6.51,17.6,0.58,80.6,1.21
0.25,3,A,AC8,41.1,48.3,0.921649485,12,37.1,30.1,20.8,98.8,7.12,57.6,21.8,12.3,8.3,14.3,64.5,7.3,13.9,95.7,12,21.7,0.95,75.7,1.61
0.3,3.6,A,AC8,26.1,57.4,0.858546169,13,35.5,28.3,23.1,99,9.78,71.2,15.2,9.07,4.51,13.6,60.9,7.38,18,97,13.5,29.1,0.74,69,1.14
D1:1,0.4,D,AC10,74.75,50.4,0.595394737,27,40.3,17.1,15.6,90.7,2.69,23.4,1.79,66.6,8.18,65.6,26,6.08,2.26,96.1,6.79,4.16,0.28,92.7,2.82
D3:1,1.2,D,AC10,8.25,76.4,0.321377331,16.6,6.81,59.6,17,98.8,23.4,66.1,20.8,10.7,2.41,53.1,9.7,27.9,9.3,99.6,47.7,38.6,4.24,53.7,3.52
x,x,x,x,x,x,#DIV/0!,,,,,,,,,,,,,,,,,,,,
T1:5,0,T,AC10,2.65,22.6,0.344733242,33.3,3.85,51.1,11.7,96.2,2.52,56.9,19.2,17.3,6.69,29,23,25.9,22.1,89.9,2.16,28.6,1.02,68.9,1.42
T1:10,0,T,AC10,0.555,19.3,0.326359833,53.4,2.37,33,11.1,96.6,2.97,36.3,47,3.6,13.1,28.9,10.6,29.5,31,92.7,5.51,61.9,7.66,25.9,4.54
x,x,x,x,x,x,#DIV/0!,,,,,,,,,,,,,,,,,,,,
0.02,0.24,A,AC10,84,18.2,1.4004914,36.3,35.7,6.9,21.1,65,0.95,19.4,5.46,45.6,29.5,23.4,65.7,2.54,8.38,46.4,2.13,9.54,0.43,85.5,4.54
0.05,0.6,A,AC10,100.5,15.6,0.882917466,46.4,34.5,6.19,12.9,73.9,0.96,20.4,4.41,53.9,21.4,27.6,65,1.93,5.43,49.7,1.64,5.89,0.2,92,1.91
0.1,1.2,A,AC10,190.5,18.5,0.871455577,35,50.4,5.39,9.22,86.5,0.56,20,2.45,63.8,13.7,21.1,70.6,2.73,5.58,73.8,1.18,3.28,0.11,95.8,0.85
0.15,1.8,A,AC10,175,16.9,3.433035714,26.1,57.5,9.67,6.8,97.1,1.16,17.2,1.55,76.1,5.18,50.2,38.5,7.18,4.08,96.5,4.68,5.91,0.17,93.2,0.75
0.2,2.4,A,AC10,169.75,18.8,3.848780488,26.9,52.3,12.3,8.44,98.2,1.76,27.1,1.89,67.5,3.56,50,37,7.49,5.52,98,7.25,9.68,0.21,89.4,0.73
0.25,3,A,AC10,74.75,20.5,5.155279503,31.7,35.6,23.3,9.27,99.4,4.43,41.2,4.21,51.9,2.71,60.2,21.9,12.1,5.76,99.4,25.2,18.7,0.52,79.6,1.17
0.3,3.6,A,AC10,76.5,27.1,2.198051948,29.3,33.8,24.8,12.1,99.4,3.74,49.4,3.27,45.1,2.25,50.4,30.7,11.2,7.71,99.5,18.6,22.7,0.45,76.1,0.8
